<?xml version="1.0" encoding="UTF-8"?>
<beans xmlns="http://www.springframework.org/schema/beans"
	xmlns:xsi="http://www.w3.org/2001/XMLSchema-instance"
	xsi:schemaLocation="http://www.springframework.org/schema/beans http://www.springframework.org/schema/beans/spring-beans-3.2.xsd">
<beans>

<!-- <bean id="cust" class="com.org.model.Customer" >
<property name="customerId" value="1001"/>
<property name="customerName" value="Antara"/>
<property name="regFees" value="1200.00"/>
<property name="address" ref="add"/>

</bean> -->
<bean id="cust" class="com.org.model.Customer">
<constructor-arg name="customerId" value="1001"/>
<constructor-arg name="customerName" value="Antara"/>
<constructor-arg name="regFees" value="1200.00"/>
<constructor-arg name="address" ref="add"/>

</bean>

<bean id="add" class="com.org.model.Address">
<property name="city" value="Kolkata"/>
<property name="state" value="WestBengal"/>
</bean>
</beans>


</beans>
